{
  "IcoMoonType": "selection",
  "icons": [
    {
      "icon": {
        "paths": [
          "M954.368 134.861c-17.613 6.195-886.835 312.525-903.987 318.566-14.541 5.12-17.766 17.664-0.512 24.525 20.531 8.243 194.355 77.875 194.355 77.875v0l115.2 46.131c0 0 554.906-407.45 562.381-412.979 7.578-5.53 16.282 4.864 10.803 10.803-5.478 5.99-402.995 435.866-402.995 435.866v0.102l-23.142 25.754 30.669 16.486c0 0 238.080 128.205 255.078 137.318 14.899 7.987 34.202 1.382 38.502-17.101 5.069-21.811 145.664-627.763 148.787-641.28 4.045-17.562-7.578-28.262-25.139-22.067zM358.4 878.694c0 12.595 7.117 16.128 16.947 7.219 12.851-11.725 145.92-131.123 145.92-131.123l-162.867-84.173v208.077z"
        ],
        "attrs": [],
        "isMulticolor": false,
        "isMulticolor2": false,
        "tags": [
          "paper-plane"
        ],
        "grid": 20
      },
      "attrs": [],
      "properties": {
        "id": 243,
        "order": 4,
        "prevSize": 20,
        "name": "paper-plane"
      },
      "setIdx": 0,
      "setId": 2,
      "iconIdx": 242
    }
  ],
  "height": 1024,
  "preferences": {
    "showGlyphs": true,
    "showQuickUse": true,
    "showQuickUse2": true,
    "showSVGs": true,
    "fontPref": {
      "prefix": "icon-",
      "metadata": {
        "fontFamily": "icomoon"
      },
      "metrics": {
        "emSize": 1024,
        "baseline": 6.25,
        "whitespace": 50
      },
      "embed": false
    },
    "imagePref": {
      "prefix": "icon-",
      "png": true,
      "useClassSelector": true,
      "color": 0,
      "bgColor": 16777215,
      "classSelector": ".icon"
    },
    "historySize": 50,
    "showCodes": true,
    "gridSize": 16
  }
}